{
  "characters" : {
    "transaction" : "characters",
    "sampleCount" : 2000,
    "errorCount" : 0,
    "errorPct" : 0.0,
    "meanResTime" : 2570.7480000000032,
    "medianResTime" : 60.0,
    "minResTime" : 3.0,
    "maxResTime" : 9951.0,
    "pct1ResTime" : 7706.1,
    "pct2ResTime" : 8807.399999999998,
    "pct3ResTime" : 9562.97,
    "throughput" : 188.25301204819277,
    "receivedKBytesPerSec" : 61.009142772260915,
    "sentKBytesPerSec" : 23.16394484186747
  },
  "Total" : {
    "transaction" : "Total",
    "sampleCount" : 10000,
    "errorCount" : 0,
    "errorPct" : 0.0,
    "meanResTime" : 525.3912999999995,
    "medianResTime" : 12.0,
    "minResTime" : 2.0,
    "maxResTime" : 9951.0,
    "pct1ResTime" : 156.89999999999964,
    "pct2ResTime" : 5156.0,
    "pct3ResTime" : 8807.879999999997,
    "throughput" : 939.76130062964,
    "receivedKBytesPerSec" : 240.05367285147074,
    "sentKBytesPerSec" : 173.4520369326191
  },
  "/character/id" : {
    "transaction" : "/character/id",
    "sampleCount" : 2000,
    "errorCount" : 0,
    "errorPct" : 0.0,
    "meanResTime" : 16.239500000000014,
    "medianResTime" : 14.0,
    "minResTime" : 3.0,
    "maxResTime" : 175.0,
    "pct1ResTime" : 26.0,
    "pct2ResTime" : 32.0,
    "pct3ResTime" : 84.0,
    "throughput" : 188.3416517562859,
    "receivedKBytesPerSec" : 47.269340333364724,
    "sentKBytesPerSec" : 23.35877907524249
  },
  "create" : {
    "transaction" : "create",
    "sampleCount" : 2000,
    "errorCount" : 0,
    "errorPct" : 0.0,
    "meanResTime" : 14.901499999999986,
    "medianResTime" : 13.0,
    "minResTime" : 2.0,
    "maxResTime" : 191.0,
    "pct1ResTime" : 22.0,
    "pct2ResTime" : 27.0,
    "pct3ResTime" : 82.94000000000005,
    "throughput" : 188.35938971557732,
    "receivedKBytesPerSec" : 43.22700838199284,
    "sentKBytesPerSec" : 43.96278724806931
  },
  "update" : {
    "transaction" : "update",
    "sampleCount" : 2000,
    "errorCount" : 0,
    "errorPct" : 0.0,
    "meanResTime" : 13.003499999999999,
    "medianResTime" : 10.0,
    "minResTime" : 3.0,
    "maxResTime" : 156.0,
    "pct1ResTime" : 19.0,
    "pct2ResTime" : 23.949999999999818,
    "pct3ResTime" : 85.98000000000002,
    "throughput" : 188.46588767433096,
    "receivedKBytesPerSec" : 43.251448831511496,
    "sentKBytesPerSec" : 44.17169242367132
  },
  "delete" : {
    "transaction" : "delete",
    "sampleCount" : 2000,
    "errorCount" : 0,
    "errorPct" : 0.0,
    "meanResTime" : 12.063999999999979,
    "medianResTime" : 10.0,
    "minResTime" : 3.0,
    "maxResTime" : 184.0,
    "pct1ResTime" : 17.0,
    "pct2ResTime" : 22.0,
    "pct3ResTime" : 69.88000000000011,
    "throughput" : 188.71485185884129,
    "receivedKBytesPerSec" : 45.88867003208152,
    "sentKBytesPerSec" : 39.25416352141913
  }
}