{
  "characters" : {
    "transaction" : "characters",
    "sampleCount" : 5728,
    "errorCount" : 254,
    "errorPct" : 4.4343576,
    "meanResTime" : 14015.508030726265,
    "medianResTime" : 16114.5,
    "minResTime" : 9.0,
    "maxResTime" : 33157.0,
    "pct1ResTime" : 32034.1,
    "pct2ResTime" : 32542.55,
    "pct3ResTime" : 33055.71,
    "throughput" : 156.97881553344845,
    "receivedKBytesPerSec" : 187.84537912966923,
    "sentKBytesPerSec" : 18.459223156293678
  },
  "Total" : {
    "transaction" : "Total",
    "sampleCount" : 14029,
    "errorCount" : 254,
    "errorPct" : 1.8105353,
    "meanResTime" : 5934.624563404366,
    "medianResTime" : 423.0,
    "minResTime" : 9.0,
    "maxResTime" : 33157.0,
    "pct1ResTime" : 18469.0,
    "pct2ResTime" : 31965.5,
    "pct3ResTime" : 32946.7,
    "throughput" : 384.4720326673792,
    "receivedKBytesPerSec" : 242.04356749636878,
    "sentKBytesPerSec" : 63.801119858039414
  },
  "/character/id" : {
    "transaction" : "/character/id",
    "sampleCount" : 2161,
    "errorCount" : 0,
    "errorPct" : 0.0,
    "meanResTime" : 310.1309578898664,
    "medianResTime" : 293.0,
    "minResTime" : 9.0,
    "maxResTime" : 1819.0,
    "pct1ResTime" : 461.0,
    "pct2ResTime" : 594.9000000000001,
    "pct3ResTime" : 1006.7600000000002,
    "throughput" : 136.18603478699268,
    "receivedKBytesPerSec" : 34.179502871344845,
    "sentKBytesPerSec" : 16.890260173777413
  },
  "create" : {
    "transaction" : "create",
    "sampleCount" : 2127,
    "errorCount" : 0,
    "errorPct" : 0.0,
    "meanResTime" : 320.9191349318288,
    "medianResTime" : 354.0,
    "minResTime" : 11.0,
    "maxResTime" : 1816.0,
    "pct1ResTime" : 433.0,
    "pct2ResTime" : 521.0,
    "pct3ResTime" : 1009.7199999999998,
    "throughput" : 134.2125189298334,
    "receivedKBytesPerSec" : 30.80072455909263,
    "sentKBytesPerSec" : 31.32499221116229
  },
  "update" : {
    "transaction" : "update",
    "sampleCount" : 2097,
    "errorCount" : 0,
    "errorPct" : 0.0,
    "meanResTime" : 366.64234620886975,
    "medianResTime" : 390.0,
    "minResTime" : 14.0,
    "maxResTime" : 1814.0,
    "pct1ResTime" : 535.2,
    "pct2ResTime" : 693.2999999999997,
    "pct3ResTime" : 989.06,
    "throughput" : 132.4532592218292,
    "receivedKBytesPerSec" : 30.39698820032213,
    "sentKBytesPerSec" : 31.043732630116217
  },
  "delete" : {
    "transaction" : "delete",
    "sampleCount" : 1916,
    "errorCount" : 0,
    "errorPct" : 0.0,
    "meanResTime" : 445.91910229645134,
    "medianResTime" : 426.0,
    "minResTime" : 14.0,
    "maxResTime" : 1297.0,
    "pct1ResTime" : 1042.6,
    "pct2ResTime" : 1205.0,
    "pct3ResTime" : 1277.83,
    "throughput" : 121.22745966466309,
    "receivedKBytesPerSec" : 29.478161578614362,
    "sentKBytesPerSec" : 25.216258699778553
  }
}