{
  "characters" : {
    "transaction" : "characters",
    "sampleCount" : 100,
    "errorCount" : 0,
    "errorPct" : 0.0,
    "meanResTime" : 6.820000000000002,
    "medianResTime" : 6.0,
    "minResTime" : 3.0,
    "maxResTime" : 26.0,
    "pct1ResTime" : 10.900000000000006,
    "pct2ResTime" : 15.0,
    "pct3ResTime" : 25.95999999999998,
    "throughput" : 100.30090270812438,
    "receivedKBytesPerSec" : 31.406720160481445,
    "sentKBytesPerSec" : 12.34171263791374
  },
  "Total" : {
    "transaction" : "Total",
    "sampleCount" : 500,
    "errorCount" : 0,
    "errorPct" : 0.0,
    "meanResTime" : 4.4,
    "medianResTime" : 4.0,
    "minResTime" : 2.0,
    "maxResTime" : 26.0,
    "pct1ResTime" : 7.0,
    "pct2ResTime" : 9.949999999999989,
    "pct3ResTime" : 16.99000000000001,
    "throughput" : 496.031746031746,
    "receivedKBytesPerSec" : 125.62003968253968,
    "sentKBytesPerSec" : 91.552734375
  },
  "/character/id" : {
    "transaction" : "/character/id",
    "sampleCount" : 100,
    "errorCount" : 0,
    "errorPct" : 0.0,
    "meanResTime" : 3.9499999999999984,
    "medianResTime" : 3.0,
    "minResTime" : 2.0,
    "maxResTime" : 16.0,
    "pct1ResTime" : 7.0,
    "pct2ResTime" : 10.899999999999977,
    "pct3ResTime" : 15.97999999999999,
    "throughput" : 101.01010101010101,
    "receivedKBytesPerSec" : 25.35116792929293,
    "sentKBytesPerSec" : 12.52761994949495
  },
  "create" : {
    "transaction" : "create",
    "sampleCount" : 100,
    "errorCount" : 0,
    "errorPct" : 0.0,
    "meanResTime" : 4.03,
    "medianResTime" : 3.0,
    "minResTime" : 2.0,
    "maxResTime" : 20.0,
    "pct1ResTime" : 5.900000000000006,
    "pct2ResTime" : 7.949999999999989,
    "pct3ResTime" : 19.969999999999985,
    "throughput" : 101.21457489878543,
    "receivedKBytesPerSec" : 23.22795420040486,
    "sentKBytesPerSec" : 23.62332363360324
  },
  "update" : {
    "transaction" : "update",
    "sampleCount" : 100,
    "errorCount" : 0,
    "errorPct" : 0.0,
    "meanResTime" : 3.5400000000000005,
    "medianResTime" : 3.0,
    "minResTime" : 2.0,
    "maxResTime" : 12.0,
    "pct1ResTime" : 5.0,
    "pct2ResTime" : 6.949999999999989,
    "pct3ResTime" : 11.989999999999995,
    "throughput" : 101.21457489878543,
    "receivedKBytesPerSec" : 23.22795420040486,
    "sentKBytesPerSec" : 23.722165991902834
  },
  "delete" : {
    "transaction" : "delete",
    "sampleCount" : 100,
    "errorCount" : 0,
    "errorPct" : 0.0,
    "meanResTime" : 3.6600000000000006,
    "medianResTime" : 3.0,
    "minResTime" : 2.0,
    "maxResTime" : 11.0,
    "pct1ResTime" : 5.0,
    "pct2ResTime" : 7.0,
    "pct3ResTime" : 10.97999999999999,
    "throughput" : 101.31712259371834,
    "receivedKBytesPerSec" : 24.636683130699087,
    "sentKBytesPerSec" : 21.074753039513677
  }
}