{
  "characters" : {
    "transaction" : "characters",
    "sampleCount" : 16428,
    "errorCount" : 1285,
    "errorPct" : 7.822011,
    "meanResTime" : 11180.277940102274,
    "medianResTime" : 27.0,
    "minResTime" : 1.0,
    "maxResTime" : 130810.0,
    "pct1ResTime" : 45854.8,
    "pct2ResTime" : 66024.0,
    "pct3ResTime" : 130392.42,
    "throughput" : 119.31236336962284,
    "receivedKBytesPerSec" : 56.19548402559391,
    "sentKBytesPerSec" : 13.5326629442076
  },
  "Total" : {
    "transaction" : "Total",
    "sampleCount" : 82140,
    "errorCount" : 1368,
    "errorPct" : 1.6654493,
    "meanResTime" : 2525.379900170455,
    "medianResTime" : 19.0,
    "minResTime" : 1.0,
    "maxResTime" : 130810.0,
    "pct1ResTime" : 54.0,
    "pct2ResTime" : 4838.500000000007,
    "pct3ResTime" : 130352.99,
    "throughput" : 596.5011655519488,
    "receivedKBytesPerSec" : 170.97602891276878,
    "sentKBytesPerSec" : 108.87341807413418
  },
  "/character/id" : {
    "transaction" : "/character/id",
    "sampleCount" : 16428,
    "errorCount" : 83,
    "errorPct" : 0.50523496,
    "meanResTime" : 1298.0405405405488,
    "medianResTime" : 25.0,
    "minResTime" : 1.0,
    "maxResTime" : 68334.0,
    "pct1ResTime" : 2903.9000000000033,
    "pct2ResTime" : 10475.199999999997,
    "pct3ResTime" : 22975.679999999993,
    "throughput" : 119.35570586824954,
    "receivedKBytesPerSec" : 31.03420962172785,
    "sentKBytesPerSec" : 14.728115475537455
  },
  "create" : {
    "transaction" : "create",
    "sampleCount" : 16428,
    "errorCount" : 0,
    "errorPct" : 0.0,
    "meanResTime" : 88.12588263939598,
    "medianResTime" : 24.0,
    "minResTime" : 1.0,
    "maxResTime" : 15704.0,
    "pct1ResTime" : 62.0,
    "pct2ResTime" : 93.0,
    "pct3ResTime" : 216.12999999999738,
    "throughput" : 119.37738892845205,
    "receivedKBytesPerSec" : 27.39617812322874,
    "sentKBytesPerSec" : 27.862496048730506
  },
  "update" : {
    "transaction" : "update",
    "sampleCount" : 16428,
    "errorCount" : 0,
    "errorPct" : 0.0,
    "meanResTime" : 30.461224738251868,
    "medianResTime" : 23.0,
    "minResTime" : 1.0,
    "maxResTime" : 425.0,
    "pct1ResTime" : 58.0,
    "pct2ResTime" : 77.0,
    "pct3ResTime" : 143.70999999999913,
    "throughput" : 119.42164680909838,
    "receivedKBytesPerSec" : 27.406334961072385,
    "sentKBytesPerSec" : 27.989448470882433
  },
  "delete" : {
    "transaction" : "delete",
    "sampleCount" : 16428,
    "errorCount" : 0,
    "errorPct" : 0.0,
    "meanResTime" : 29.993912831750826,
    "medianResTime" : 22.0,
    "minResTime" : 1.0,
    "maxResTime" : 371.0,
    "pct1ResTime" : 59.0,
    "pct2ResTime" : 78.0,
    "pct3ResTime" : 145.0,
    "throughput" : 119.54939745007859,
    "receivedKBytesPerSec" : 29.070117153388253,
    "sentKBytesPerSec" : 24.867208649283928
  }
}