{
  "characters" : {
    "transaction" : "characters",
    "sampleCount" : 8029,
    "errorCount" : 732,
    "errorPct" : 9.116951,
    "meanResTime" : 3558.278365923533,
    "medianResTime" : 140.0,
    "minResTime" : 8.0,
    "maxResTime" : 55717.0,
    "pct1ResTime" : 19368.0,
    "pct2ResTime" : 31093.5,
    "pct3ResTime" : 38891.09999999827,
    "throughput" : 140.06105538595725,
    "receivedKBytesPerSec" : 80.9619971107719,
    "sentKBytesPerSec" : 17.23407517444396
  },
  "Total" : {
    "transaction" : "Total",
    "sampleCount" : 36638,
    "errorCount" : 732,
    "errorPct" : 1.9979256,
    "meanResTime" : 888.4709864075531,
    "medianResTime" : 147.0,
    "minResTime" : 7.0,
    "maxResTime" : 55717.0,
    "pct1ResTime" : 208.0,
    "pct2ResTime" : 343.9500000000007,
    "pct3ResTime" : 31811.970000000005,
    "throughput" : 639.1277802006106,
    "receivedKBytesPerSec" : 199.88894529546445,
    "sentKBytesPerSec" : 116.91106424443959
  },
  "/character/id" : {
    "transaction" : "/character/id",
    "sampleCount" : 7231,
    "errorCount" : 0,
    "errorPct" : 0.0,
    "meanResTime" : 140.76711381551675,
    "medianResTime" : 137.0,
    "minResTime" : 7.0,
    "maxResTime" : 709.0,
    "pct1ResTime" : 186.0,
    "pct2ResTime" : 209.0,
    "pct3ResTime" : 310.0,
    "throughput" : 231.7925375048083,
    "receivedKBytesPerSec" : 58.174494276109115,
    "sentKBytesPerSec" : 28.747707288193997
  },
  "create" : {
    "transaction" : "create",
    "sampleCount" : 7183,
    "errorCount" : 0,
    "errorPct" : 0.0,
    "meanResTime" : 139.89502993178328,
    "medianResTime" : 137.0,
    "minResTime" : 14.0,
    "maxResTime" : 631.0,
    "pct1ResTime" : 183.0,
    "pct2ResTime" : 204.0,
    "pct3ResTime" : 299.3199999999997,
    "throughput" : 230.11372737465962,
    "receivedKBytesPerSec" : 52.80930266898927,
    "sentKBytesPerSec" : 53.70818441654653
  },
  "update" : {
    "transaction" : "update",
    "sampleCount" : 7130,
    "errorCount" : 0,
    "errorPct" : 0.0,
    "meanResTime" : 138.99565217391327,
    "medianResTime" : 137.0,
    "minResTime" : 9.0,
    "maxResTime" : 634.0,
    "pct1ResTime" : 182.0,
    "pct2ResTime" : 201.0,
    "pct3ResTime" : 287.7599999999984,
    "throughput" : 228.5036695189565,
    "receivedKBytesPerSec" : 52.4398069696824,
    "sentKBytesPerSec" : 53.55554754350543
  },
  "delete" : {
    "transaction" : "delete",
    "sampleCount" : 7065,
    "errorCount" : 0,
    "errorPct" : 0.0,
    "meanResTime" : 137.0970983722576,
    "medianResTime" : 136.0,
    "minResTime" : 12.0,
    "maxResTime" : 583.0,
    "pct1ResTime" : 181.0,
    "pct2ResTime" : 199.0,
    "pct3ResTime" : 223.0,
    "throughput" : 226.77665789304743,
    "receivedKBytesPerSec" : 55.143933413446106,
    "sentKBytesPerSec" : 47.17131653439366
  }
}