{
  "characters" : {
    "transaction" : "characters",
    "sampleCount" : 5416,
    "errorCount" : 357,
    "errorPct" : 6.5915804,
    "meanResTime" : 16249.40768094531,
    "medianResTime" : 17644.0,
    "minResTime" : 30.0,
    "maxResTime" : 33952.0,
    "pct1ResTime" : 32040.6,
    "pct2ResTime" : 32202.15,
    "pct3ResTime" : 32524.489999999998,
    "throughput" : 141.54296466652727,
    "receivedKBytesPerSec" : 209.1234427676798,
    "sentKBytesPerSec" : 16.26840216979406
  },
  "Total" : {
    "transaction" : "Total",
    "sampleCount" : 11145,
    "errorCount" : 357,
    "errorPct" : 3.2032301,
    "meanResTime" : 7979.1930013459105,
    "medianResTime" : 189.0,
    "minResTime" : 11.0,
    "maxResTime" : 33952.0,
    "pct1ResTime" : 28556.0,
    "pct2ResTime" : 32026.699999999997,
    "pct3ResTime" : 32475.619999999995,
    "throughput" : 291.2659418774827,
    "receivedKBytesPerSec" : 244.81041661222034,
    "sentKBytesPerSec" : 46.11299846951442
  },
  "/character/id" : {
    "transaction" : "/character/id",
    "sampleCount" : 1472,
    "errorCount" : 0,
    "errorPct" : 0.0,
    "meanResTime" : 166.24728260869577,
    "medianResTime" : 145.0,
    "minResTime" : 15.0,
    "maxResTime" : 651.0,
    "pct1ResTime" : 264.0,
    "pct2ResTime" : 318.0,
    "pct3ResTime" : 478.53999999999996,
    "throughput" : 92.67770572310017,
    "receivedKBytesPerSec" : 23.25993200277026,
    "sentKBytesPerSec" : 11.494207643392308
  },
  "create" : {
    "transaction" : "create",
    "sampleCount" : 1443,
    "errorCount" : 0,
    "errorPct" : 0.0,
    "meanResTime" : 163.2827442827445,
    "medianResTime" : 146.0,
    "minResTime" : 11.0,
    "maxResTime" : 627.0,
    "pct1ResTime" : 250.0,
    "pct2ResTime" : 299.79999999999995,
    "pct3ResTime" : 400.67999999999984,
    "throughput" : 91.09848484848484,
    "receivedKBytesPerSec" : 20.906390565814394,
    "sentKBytesPerSec" : 21.26224402225379
  },
  "update" : {
    "transaction" : "update",
    "sampleCount" : 1414,
    "errorCount" : 0,
    "errorPct" : 0.0,
    "meanResTime" : 156.78076379066462,
    "medianResTime" : 140.0,
    "minResTime" : 21.0,
    "maxResTime" : 603.0,
    "pct1ResTime" : 232.0,
    "pct2ResTime" : 289.0,
    "pct3ResTime" : 375.6499999999992,
    "throughput" : 89.4823440070877,
    "receivedKBytesPerSec" : 20.535498868814074,
    "sentKBytesPerSec" : 20.972424376661184
  },
  "delete" : {
    "transaction" : "delete",
    "sampleCount" : 1400,
    "errorCount" : 0,
    "errorPct" : 0.0,
    "meanResTime" : 156.6378571428574,
    "medianResTime" : 143.0,
    "minResTime" : 29.0,
    "maxResTime" : 510.0,
    "pct1ResTime" : 220.9000000000001,
    "pct2ResTime" : 283.6500000000003,
    "pct3ResTime" : 374.9200000000001,
    "throughput" : 89.28002040686181,
    "receivedKBytesPerSec" : 21.709692462215422,
    "sentKBytesPerSec" : 18.570941744786687
  }
}